{"framework":"apd-framework-9.0.8","title":"Βοήθεια για τις Σημειώσεις","build_id":"559d5fbe680ce24732dca356","icon":"..\/GlobalArt\/AppIconDefault_Notes.png","sections":{},"birdseed_version":4,"toc":["not0da5d6ebe","not9474646a9","not95edd2813","not5585d71a8","not85d6f7b58","notc3b2d538b","not18ab658ed","not42389d0fc","not201900c07"],"locale":"el","version":"10.11","enable_tracking":false,"source_schema":"apd-schema","platform":"mac","build_date":"2015.07.08-10:56:24","landing":"notb058cadd2","product":"notes","urls":{},"copyright":"","topics":{"not0da5d6ebe":{"name":"Επισκόπηση των Σημειώσεων","href":"not0da5d6ebe.html","unavailable":true},"notb058cadd2":{"icon":"..\/GlobalArt\/AppLanding_Notes.png","categories":["landing"],"name":"Βοήθεια για τις Σημειώσεις","href":"notb058cadd2.html"},"not95edd2813":{"name":"Επισύναψη φωτογραφιών, συνδέσμων και άλλων","href":"not95edd2813.html","unavailable":true},"notaf481318b":{"name":"Αναβάθμιση σημειώσεων iCloud","href":"notaf481318b.html","unavailable":true},"not85d6f7b58":{"name":"Διαμόρφωση λογαριασμών στις Σημειώσεις","href":"not85d6f7b58.html","unavailable":true},"notc3b2d538b":{"name":"Οργάνωση σημειώσεων σε φακέλους","href":"notc3b2d538b.html","unavailable":true},"not18ab658ed":{"name":"Αναζήτηση σημειώσεων","href":"not18ab658ed.html","unavailable":true},"not42389d0fc":{"name":"Εμφάνιση σημειώσεων σε όλες τις συσκευές σας","href":"not42389d0fc.html","unavailable":true},"not9474646a9":{"name":"Συγγραφή σημειώσεων","href":"not9474646a9.html","unavailable":true},"not201900c07":{"name":"Κοινή χρήση ή εξαγωγή σημειώσεων","href":"not201900c07.html","unavailable":true},"not5585d71a8":{"name":"Διαγραφή σημείωσης","href":"not5585d71a8.html","unavailable":true}},"copyright_text":"© 2015 Apple Inc. Με επιφύλαξη κάθε δικαιώματος.","css":""}