{"framework":"apd-framework-9.0.8","title":"Ajutor Notițe","build_id":"559d5fc9680ce24732dca416","icon":"..\/GlobalArt\/AppIconDefault_Notes.png","sections":{},"birdseed_version":4,"toc":["not0da5d6ebe","not9474646a9","not95edd2813","not5585d71a8","not85d6f7b58","notc3b2d538b","not18ab658ed","not42389d0fc","not201900c07"],"locale":"ro","version":"10.11","enable_tracking":false,"source_schema":"apd-schema","platform":"mac","build_date":"2015.07.08-11:01:54","landing":"notb058cadd2","product":"notes","urls":{},"copyright":"","topics":{"not0da5d6ebe":{"name":"Notițe - Privire de ansamblu","href":"not0da5d6ebe.html","unavailable":true},"notb058cadd2":{"icon":"..\/GlobalArt\/AppLanding_Notes.png","categories":["landing"],"name":"Ajutor Notițe","href":"notb058cadd2.html"},"not95edd2813":{"name":"Atașați poze, linkuri și altele","href":"not95edd2813.html","unavailable":true},"notaf481318b":{"name":"Actualizați notițele dvs. iCloud","href":"notaf481318b.html","unavailable":true},"not85d6f7b58":{"name":"Configurarea conturilor de Notițe","href":"not85d6f7b58.html","unavailable":true},"notc3b2d538b":{"name":"Organizarea notițelor în dosare","href":"notc3b2d538b.html","unavailable":true},"not18ab658ed":{"name":"Căutarea notițelor","href":"not18ab658ed.html","unavailable":true},"not42389d0fc":{"name":"Vizualizarea notițelor pe toate dispozitivele dvs.","href":"not42389d0fc.html","unavailable":true},"not9474646a9":{"name":"Scrierea notițelor","href":"not9474646a9.html","unavailable":true},"not201900c07":{"name":"Partajarea sau exportarea notițelor","href":"not201900c07.html","unavailable":true},"not5585d71a8":{"name":"Ștergerea unei notițe","href":"not5585d71a8.html","unavailable":true}},"copyright_text":"© 2015 Apple Inc. Toate drepturile rezervate.","css":""}