{"framework":"apd-framework-9.0.8","title":"Aide Notes","build_id":"559d5fc9680ce24732dca40a","icon":"..\/GlobalArt\/AppIconDefault_Notes.png","sections":{},"birdseed_version":4,"toc":["not0da5d6ebe","not9474646a9","not95edd2813","not5585d71a8","not85d6f7b58","notc3b2d538b","not18ab658ed","not42389d0fc","not201900c07"],"locale":"fr","version":"10.11","enable_tracking":false,"source_schema":"apd-schema","platform":"mac","build_date":"2015.07.08-11:02:36","landing":"notb058cadd2","product":"notes","urls":{},"copyright":"","topics":{"not0da5d6ebe":{"name":"Vue d’ensemble de Notes","href":"not0da5d6ebe.html","unavailable":true},"notb058cadd2":{"icon":"..\/GlobalArt\/AppLanding_Notes.png","categories":["landing"],"name":"Aide Notes","href":"notb058cadd2.html"},"not95edd2813":{"name":"Joindre des photos, des liens et plus encore","href":"not95edd2813.html","unavailable":true},"notaf481318b":{"name":"Mettre à niveau vos notes iCloud","href":"notaf481318b.html","unavailable":true},"not85d6f7b58":{"name":"Configurer des comptes Notes","href":"not85d6f7b58.html","unavailable":true},"notc3b2d538b":{"name":"Organiser les notes dans des dossiers","href":"notc3b2d538b.html","unavailable":true},"not18ab658ed":{"name":"Rechercher des notes","href":"not18ab658ed.html","unavailable":true},"not42389d0fc":{"name":"Voir vos notes sur tous vos appareils","href":"not42389d0fc.html","unavailable":true},"not9474646a9":{"name":"Rédiger des notes","href":"not9474646a9.html","unavailable":true},"not201900c07":{"name":"Partager ou exporter des notes","href":"not201900c07.html","unavailable":true},"not5585d71a8":{"name":"Supprimer une note","href":"not5585d71a8.html","unavailable":true}},"copyright_text":"© 2015 Apple Inc. Tous droits réservés.","css":""}