{"framework":"apd-framework-9.0.8","title":"メモヘルプ","build_id":"559d5fc7680ce24732dca3e6","icon":"..\/GlobalArt\/AppIconDefault_Notes.png","sections":{},"birdseed_version":4,"toc":["not0da5d6ebe","not9474646a9","not95edd2813","not5585d71a8","not85d6f7b58","notc3b2d538b","not18ab658ed","not42389d0fc","not201900c07"],"locale":"ja","version":"10.11","enable_tracking":false,"source_schema":"apd-schema","platform":"mac","build_date":"2015.07.08-09:36:19","landing":"notb058cadd2","product":"notes","urls":{},"copyright":"","topics":{"not0da5d6ebe":{"name":"「メモ」の概要","href":"not0da5d6ebe.html","unavailable":true},"notb058cadd2":{"icon":"..\/GlobalArt\/AppLanding_Notes.png","categories":["landing"],"name":"メモヘルプ","href":"notb058cadd2.html"},"not95edd2813":{"name":"写真、リンクなどを添付する","href":"not95edd2813.html","unavailable":true},"notaf481318b":{"name":"iCloud メモをアップグレードする","href":"notaf481318b.html","unavailable":true},"not85d6f7b58":{"name":"「メモ」アカウントを設定する","href":"not85d6f7b58.html","unavailable":true},"notc3b2d538b":{"name":"メモをフォルダに整理する","href":"notc3b2d538b.html","unavailable":true},"not18ab658ed":{"name":"メモを検索する","href":"not18ab658ed.html","unavailable":true},"not42389d0fc":{"name":"すべてのデバイス上のメモを見る","href":"not42389d0fc.html","unavailable":true},"not9474646a9":{"name":"メモを書く","href":"not9474646a9.html","unavailable":true},"not201900c07":{"name":"メモを共有する／書き出す","href":"not201900c07.html","unavailable":true},"not5585d71a8":{"name":"メモを削除する","href":"not5585d71a8.html","unavailable":true}},"copyright_text":"© 2015 Apple Inc.All rights reserved.","css":""}