{"framework":"apd-framework-9.0.8","title":"Hjælp til Noter","build_id":"559d5fc7680ce24732dca3ec","icon":"..\/GlobalArt\/AppIconDefault_Notes.png","sections":{},"birdseed_version":4,"toc":["not0da5d6ebe","not9474646a9","not95edd2813","not5585d71a8","not85d6f7b58","notc3b2d538b","not18ab658ed","not42389d0fc","not201900c07"],"locale":"da","version":"10.11","enable_tracking":false,"source_schema":"apd-schema","platform":"mac","build_date":"2015.07.08-09:34:41","landing":"notb058cadd2","product":"notes","urls":{},"copyright":"","topics":{"not0da5d6ebe":{"name":"Oversigt over Noter","href":"not0da5d6ebe.html","unavailable":true},"notb058cadd2":{"icon":"..\/GlobalArt\/AppLanding_Notes.png","categories":["landing"],"name":"Hjælp til Noter","href":"notb058cadd2.html"},"not95edd2813":{"name":"Vedlæg fotografier, links m.m.","href":"not95edd2813.html","unavailable":true},"notaf481318b":{"name":"Opgrader dine iCloud-noter","href":"notaf481318b.html","unavailable":true},"not85d6f7b58":{"name":"Indstil konti til Noter","href":"not85d6f7b58.html","unavailable":true},"notc3b2d538b":{"name":"Organiser noter i mapper","href":"notc3b2d538b.html","unavailable":true},"not18ab658ed":{"name":"Søg efter noter","href":"not18ab658ed.html","unavailable":true},"not42389d0fc":{"name":"Se noter på alle dine enheder","href":"not42389d0fc.html","unavailable":true},"not9474646a9":{"name":"Skriv noter","href":"not9474646a9.html","unavailable":true},"not201900c07":{"name":"Del eller eksporter noter","href":"not201900c07.html","unavailable":true},"not5585d71a8":{"name":"Slet en seddel","href":"not5585d71a8.html","unavailable":true}},"copyright_text":"© 2015 Apple Inc. Alle rettigheder forbeholdes.","css":""}