{"framework":"apd-framework-9.0.8","title":"Nápověda pro Poznámky","build_id":"559d5fc0680ce24732dca368","icon":"..\/GlobalArt\/AppIconDefault_Notes.png","sections":{},"birdseed_version":4,"toc":["not0da5d6ebe","not9474646a9","not95edd2813","not5585d71a8","not85d6f7b58","notc3b2d538b","not18ab658ed","not42389d0fc","not201900c07"],"locale":"cs","version":"10.11","enable_tracking":false,"source_schema":"apd-schema","platform":"mac","build_date":"2015.07.08-10:55:52","landing":"notb058cadd2","product":"notes","urls":{},"copyright":"","topics":{"not0da5d6ebe":{"name":"Přehled aplikace Poznámky","href":"not0da5d6ebe.html","unavailable":true},"notb058cadd2":{"icon":"..\/GlobalArt\/AppLanding_Notes.png","categories":["landing"],"name":"Nápověda pro Poznámky","href":"notb058cadd2.html"},"not95edd2813":{"name":"Připojování fotografií, odkazů apod.","href":"not95edd2813.html","unavailable":true},"notaf481318b":{"name":"Upgrade poznámek na iCloudu","href":"notaf481318b.html","unavailable":true},"not85d6f7b58":{"name":"Nastavení účtů v Poznámkách","href":"not85d6f7b58.html","unavailable":true},"notc3b2d538b":{"name":"Uspořádání poznámek ve složkách","href":"notc3b2d538b.html","unavailable":true},"not18ab658ed":{"name":"Hledání poznámek","href":"not18ab658ed.html","unavailable":true},"not42389d0fc":{"name":"Zobrazení poznámek na všech vašich zařízeních","href":"not42389d0fc.html","unavailable":true},"not9474646a9":{"name":"Psaní poznámek","href":"not9474646a9.html","unavailable":true},"not201900c07":{"name":"Sdílení a export poznámek","href":"not201900c07.html","unavailable":true},"not5585d71a8":{"name":"Smazání poznámky","href":"not5585d71a8.html","unavailable":true}},"copyright_text":"© 2015 Apple Inc. Všechna práva vyhrazena.","css":""}