{"framework":"apd-framework-9.0.8","title":"Справка Заметок","build_id":"559d5fc2680ce24732dca38c","icon":"..\/GlobalArt\/AppIconDefault_Notes.png","sections":{},"birdseed_version":4,"toc":["not0da5d6ebe","not9474646a9","not95edd2813","not5585d71a8","not85d6f7b58","notc3b2d538b","not18ab658ed","not42389d0fc","not201900c07"],"locale":"ru","version":"10.11","enable_tracking":false,"source_schema":"apd-schema","platform":"mac","build_date":"2015.07.08-11:00:06","landing":"notb058cadd2","product":"notes","urls":{},"copyright":"","topics":{"not0da5d6ebe":{"name":"Общие сведения о программе «Заметки»","href":"not0da5d6ebe.html","unavailable":true},"notb058cadd2":{"icon":"..\/GlobalArt\/AppLanding_Notes.png","categories":["landing"],"name":"Справка Заметок","href":"notb058cadd2.html"},"not95edd2813":{"name":"Вложение фотографий, ссылок и других данных","href":"not95edd2813.html","unavailable":true},"notaf481318b":{"name":"Обновите свои Заметки iCloud","href":"notaf481318b.html","unavailable":true},"not85d6f7b58":{"name":"Настройка учетных записей Заметок","href":"not85d6f7b58.html","unavailable":true},"notc3b2d538b":{"name":"Упорядочивание заметок по папкам","href":"notc3b2d538b.html","unavailable":true},"not18ab658ed":{"name":"Поиск заметок","href":"not18ab658ed.html","unavailable":true},"not42389d0fc":{"name":"Просмотр заметок на всех Ваших устройствах","href":"not42389d0fc.html","unavailable":true},"not9474646a9":{"name":"Создание заметок","href":"not9474646a9.html","unavailable":true},"not201900c07":{"name":"Общий доступ и экспорт для заметок","href":"not201900c07.html","unavailable":true},"not5585d71a8":{"name":"Удаление заметки","href":"not5585d71a8.html","unavailable":true}},"copyright_text":"© Apple Inc., 2015 г. Все права защищены.","css":""}