{"framework":"apd-framework-9.0.8","title":"Aiuto Note","build_id":"559d5fc6680ce24732dca3e0","icon":"..\/GlobalArt\/AppIconDefault_Notes.png","sections":{},"birdseed_version":4,"toc":["not0da5d6ebe","not9474646a9","not95edd2813","not5585d71a8","not85d6f7b58","notc3b2d538b","not18ab658ed","not42389d0fc","not201900c07"],"locale":"it","version":"10.11","enable_tracking":false,"source_schema":"apd-schema","platform":"mac","build_date":"2015.07.08-11:03:00","landing":"notb058cadd2","product":"notes","urls":{},"copyright":"","topics":{"not0da5d6ebe":{"name":"Panoramica su Note","href":"not0da5d6ebe.html","unavailable":true},"notb058cadd2":{"icon":"..\/GlobalArt\/AppLanding_Notes.png","categories":["landing"],"name":"Aiuto Note","href":"notb058cadd2.html"},"not95edd2813":{"name":"Allegare foto, link e altro ancora","href":"not95edd2813.html","unavailable":true},"notaf481318b":{"name":"Aggiornare le note di iCloud","href":"notaf481318b.html","unavailable":true},"not85d6f7b58":{"name":"Configurare account di Note","href":"not85d6f7b58.html","unavailable":true},"notc3b2d538b":{"name":"Organizzare le note in cartelle","href":"notc3b2d538b.html","unavailable":true},"not18ab658ed":{"name":"Cercare le note","href":"not18ab658ed.html","unavailable":true},"not42389d0fc":{"name":"Visualizzare le note su tutti i tuoi dispositivi","href":"not42389d0fc.html","unavailable":true},"not9474646a9":{"name":"Scrivere le note","href":"not9474646a9.html","unavailable":true},"not201900c07":{"name":"Condividere o esportare le note","href":"not201900c07.html","unavailable":true},"not5585d71a8":{"name":"Eliminare una nota","href":"not5585d71a8.html","unavailable":true}},"copyright_text":"© 2015 Apple Inc. Tutti i diritti riservati.","css":""}