{"framework":"apd-framework-9.0.8","title":"備忘錄輔助說明","build_id":"559d5fc8680ce24732dca3f8","icon":"..\/GlobalArt\/AppIconDefault_Notes.png","sections":{},"birdseed_version":4,"toc":["not0da5d6ebe","not9474646a9","not95edd2813","not5585d71a8","not85d6f7b58","notc3b2d538b","not18ab658ed","not42389d0fc","not201900c07"],"locale":"zh-tw","version":"10.11","enable_tracking":false,"source_schema":"apd-schema","platform":"mac","build_date":"2015.07.08-11:04:46","landing":"notb058cadd2","product":"notes","urls":{},"copyright":"","topics":{"not0da5d6ebe":{"name":"「備忘錄」概覽","href":"not0da5d6ebe.html","unavailable":true},"notb058cadd2":{"icon":"..\/GlobalArt\/AppLanding_Notes.png","categories":["landing"],"name":"備忘錄輔助說明","href":"notb058cadd2.html"},"not95edd2813":{"name":"附加照片、連結及其他項目","href":"not95edd2813.html","unavailable":true},"notaf481318b":{"name":"升級 iCloud 備忘錄","href":"notaf481318b.html","unavailable":true},"not85d6f7b58":{"name":"設定「備忘錄」帳號","href":"not85d6f7b58.html","unavailable":true},"notc3b2d538b":{"name":"將備忘錄整理到檔案夾中","href":"notc3b2d538b.html","unavailable":true},"not18ab658ed":{"name":"搜尋備忘錄","href":"not18ab658ed.html","unavailable":true},"not42389d0fc":{"name":"查看所有裝置上的備忘錄","href":"not42389d0fc.html","unavailable":true},"not9474646a9":{"name":"編寫備忘錄","href":"not9474646a9.html","unavailable":true},"not201900c07":{"name":"分享或輸出備忘錄","href":"not201900c07.html","unavailable":true},"not5585d71a8":{"name":"刪除備忘錄","href":"not5585d71a8.html","unavailable":true}},"copyright_text":"© 2015 Apple Inc.保留一切權利。","css":""}