{"framework":"apd-framework-9.0.8","title":"วิธีใช้โน้ต","build_id":"559d5fbf680ce24732dca362","icon":"..\/GlobalArt\/AppIconDefault_Notes.png","sections":{},"birdseed_version":4,"toc":["not0da5d6ebe","not9474646a9","not95edd2813","not5585d71a8","not85d6f7b58","notc3b2d538b","not18ab658ed","not42389d0fc","not201900c07"],"locale":"th","version":"10.11","enable_tracking":false,"source_schema":"apd-schema","platform":"mac","build_date":"2015.07.08-10:58:28","landing":"notb058cadd2","product":"notes","urls":{},"copyright":"","topics":{"not0da5d6ebe":{"name":"ภาพรวมแอพโน้ต","href":"not0da5d6ebe.html","unavailable":true},"notb058cadd2":{"icon":"..\/GlobalArt\/AppLanding_Notes.png","categories":["landing"],"name":"วิธีใช้โน้ต","href":"notb058cadd2.html"},"not95edd2813":{"name":"การแนบรูปภาพ ลิงก์ และอื่นๆ","href":"not95edd2813.html","unavailable":true},"notaf481318b":{"name":"การอัพเกรดโน้ต iCloud","href":"notaf481318b.html","unavailable":true},"not85d6f7b58":{"name":"การตั้งค่าบัญชีโน้ต","href":"not85d6f7b58.html","unavailable":true},"notc3b2d538b":{"name":"การจัดระเบียบโน้ตลงในโฟลเดอร์","href":"notc3b2d538b.html","unavailable":true},"not18ab658ed":{"name":"การค้นหาโน้ต","href":"not18ab658ed.html","unavailable":true},"not42389d0fc":{"name":"การดูโน้ตบนอุปกรณ์ทุกเครื่องของคุณ","href":"not42389d0fc.html","unavailable":true},"not9474646a9":{"name":"การเขียนโน้ต","href":"not9474646a9.html","unavailable":true},"not201900c07":{"name":"การแชร์หรือส่งออกโน้ต","href":"not201900c07.html","unavailable":true},"not5585d71a8":{"name":"การลบโน้ต","href":"not5585d71a8.html","unavailable":true}},"copyright_text":"© 2015 Apple Inc.สงวนลิขสิทธิ์","css":""}