{"framework":"apd-framework-9.0.8","title":"Ajuda Notes","build_id":"559d5fc3680ce24732dca3a4","icon":"..\/GlobalArt\/AppIconDefault_Notes.png","sections":{},"birdseed_version":4,"toc":["not0da5d6ebe","not9474646a9","not95edd2813","not5585d71a8","not85d6f7b58","notc3b2d538b","not18ab658ed","not42389d0fc","not201900c07"],"locale":"ca","version":"10.11","enable_tracking":false,"source_schema":"apd-schema","platform":"mac","build_date":"2015.07.08-10:59:41","landing":"notb058cadd2","product":"notes","urls":{},"copyright":"","topics":{"not0da5d6ebe":{"name":"Visió general de Notes","href":"not0da5d6ebe.html","unavailable":true},"notb058cadd2":{"icon":"..\/GlobalArt\/AppLanding_Notes.png","categories":["landing"],"name":"Ajuda Notes","href":"notb058cadd2.html"},"not95edd2813":{"name":"Afegir fotos, enllaços i altres","href":"not95edd2813.html","unavailable":true},"notaf481318b":{"name":"Actualitzar les notes de l’iCloud","href":"notaf481318b.html","unavailable":true},"not85d6f7b58":{"name":"Configurar els comptes de Notes","href":"not85d6f7b58.html","unavailable":true},"notc3b2d538b":{"name":"Organitzar les notes en carpetes","href":"notc3b2d538b.html","unavailable":true},"not18ab658ed":{"name":"Buscar notes","href":"not18ab658ed.html","unavailable":true},"not42389d0fc":{"name":"Veure les notes en tots els dispositius","href":"not42389d0fc.html","unavailable":true},"not9474646a9":{"name":"Escriure notes","href":"not9474646a9.html","unavailable":true},"not201900c07":{"name":"Compartir i exportar notes","href":"not201900c07.html","unavailable":true},"not5585d71a8":{"name":"Eliminar notes","href":"not5585d71a8.html","unavailable":true}},"copyright_text":"© 2015 Apple Inc. Tots els drets reservats.","css":""}