{"framework":"apd-framework-9.0.8","title":"Anteckningar Hjälp","build_id":"559d5fc6680ce24732dca3ce","icon":"..\/GlobalArt\/AppIconDefault_Notes.png","sections":{},"birdseed_version":4,"toc":["not0da5d6ebe","not9474646a9","not95edd2813","not5585d71a8","not85d6f7b58","notc3b2d538b","not18ab658ed","not42389d0fc","not201900c07"],"locale":"sv","version":"10.11","enable_tracking":false,"source_schema":"apd-schema","platform":"mac","build_date":"2015.07.08-11:01:45","landing":"notb058cadd2","product":"notes","urls":{},"copyright":"","topics":{"not0da5d6ebe":{"name":"Anteckningar i översikt","href":"not0da5d6ebe.html","unavailable":true},"notb058cadd2":{"icon":"..\/GlobalArt\/AppLanding_Notes.png","categories":["landing"],"name":"Anteckningar Hjälp","href":"notb058cadd2.html"},"not95edd2813":{"name":"Bifoga bilder, länkar och annat","href":"not95edd2813.html","unavailable":true},"notaf481318b":{"name":"Uppgradera dina iCloud-anteckningar","href":"notaf481318b.html","unavailable":true},"not85d6f7b58":{"name":"Ställa in konton i Anteckningar","href":"not85d6f7b58.html","unavailable":true},"notc3b2d538b":{"name":"Ordna anteckningar i mappar","href":"notc3b2d538b.html","unavailable":true},"not18ab658ed":{"name":"Söka efter anteckningar","href":"not18ab658ed.html","unavailable":true},"not42389d0fc":{"name":"Visa anteckningar på alla dina enheter","href":"not42389d0fc.html","unavailable":true},"not9474646a9":{"name":"Skriva anteckningar","href":"not9474646a9.html","unavailable":true},"not201900c07":{"name":"Dela eller exportera anteckningar","href":"not201900c07.html","unavailable":true},"not5585d71a8":{"name":"Radera en anteckning","href":"not5585d71a8.html","unavailable":true}},"copyright_text":"Copyright © 2015 Apple Inc. Alla rättigheter förbehålls.","css":""}