{"framework":"apd-framework-9.0.8","title":"Довідка Нотаток","build_id":"559d5fc5680ce24732dca3bc","icon":"..\/GlobalArt\/AppIconDefault_Notes.png","sections":{},"birdseed_version":4,"toc":["not0da5d6ebe","not9474646a9","not95edd2813","not5585d71a8","not85d6f7b58","notc3b2d538b","not18ab658ed","not42389d0fc","not201900c07"],"locale":"uk","version":"10.11","enable_tracking":false,"source_schema":"apd-schema","platform":"mac","build_date":"2015.07.08-11:01:28","landing":"notb058cadd2","product":"notes","urls":{},"copyright":"","topics":{"not0da5d6ebe":{"name":"Огляд програми «Нотатки»","href":"not0da5d6ebe.html","unavailable":true},"notb058cadd2":{"icon":"..\/GlobalArt\/AppLanding_Notes.png","categories":["landing"],"name":"Довідка Нотаток","href":"notb058cadd2.html"},"not95edd2813":{"name":"Додавання фотографій, посилань тощо","href":"not95edd2813.html","unavailable":true},"notaf481318b":{"name":"Оновлення Нотаток iCloud","href":"notaf481318b.html","unavailable":true},"not85d6f7b58":{"name":"Настроювання облікових записів Нотаток","href":"not85d6f7b58.html","unavailable":true},"notc3b2d538b":{"name":"Упорядкування нотаток у папки","href":"notc3b2d538b.html","unavailable":true},"not18ab658ed":{"name":"Пошук нотаток","href":"not18ab658ed.html","unavailable":true},"not42389d0fc":{"name":"Перегляд нотаток на всіх ваших пристроях","href":"not42389d0fc.html","unavailable":true},"not9474646a9":{"name":"Створення вмісту нотаток","href":"not9474646a9.html","unavailable":true},"not201900c07":{"name":"Надсилання й експортування нотаток","href":"not201900c07.html","unavailable":true},"not5585d71a8":{"name":"Видалення нотатки","href":"not5585d71a8.html","unavailable":true}},"copyright_text":"© 2015 Apple Inc. Усі права захищені.","css":""}