{"framework":"apd-framework-9.0.8","title":"Trợ giúp Ghi chú","build_id":"559d5fc4680ce24732dca3aa","icon":"..\/GlobalArt\/AppIconDefault_Notes.png","sections":{},"birdseed_version":4,"toc":["not0da5d6ebe","not9474646a9","not95edd2813","not5585d71a8","not85d6f7b58","notc3b2d538b","not18ab658ed","not42389d0fc","not201900c07"],"locale":"vi","version":"10.11","enable_tracking":false,"source_schema":"apd-schema","platform":"mac","build_date":"2015.07.08-10:57:58","landing":"notb058cadd2","product":"notes","urls":{},"copyright":"","topics":{"not0da5d6ebe":{"name":"Tổng quan về Ghi chú","href":"not0da5d6ebe.html","unavailable":true},"notb058cadd2":{"icon":"..\/GlobalArt\/AppLanding_Notes.png","categories":["landing"],"name":"Trợ giúp Ghi chú","href":"notb058cadd2.html"},"not95edd2813":{"name":"Đính kèm ảnh, liên kết và nhiều nội dung khác","href":"not95edd2813.html","unavailable":true},"notaf481318b":{"name":"Nâng cấp ghi chú iCloud của bạn","href":"notaf481318b.html","unavailable":true},"not85d6f7b58":{"name":"Thiết lập tài khoản Ghi chú","href":"not85d6f7b58.html","unavailable":true},"notc3b2d538b":{"name":"Sắp xếp ghi chú vào các thư mục","href":"notc3b2d538b.html","unavailable":true},"not18ab658ed":{"name":"Tìm kiếm ghi chú","href":"not18ab658ed.html","unavailable":true},"not42389d0fc":{"name":"Xem ghi chú trên tất cả các thiết bị","href":"not42389d0fc.html","unavailable":true},"not9474646a9":{"name":"Viết ghi chú","href":"not9474646a9.html","unavailable":true},"not201900c07":{"name":"Chia sẻ hoặc xuất ghi chú","href":"not201900c07.html","unavailable":true},"not5585d71a8":{"name":"Xóa ghi chú","href":"not5585d71a8.html","unavailable":true}},"copyright_text":"© 2015 Apple Inc. Mọi quyền được bảo lưu.","css":""}