{"framework":"apd-framework-9.0.8","title":"Notities Help","build_id":"559d5fbe680ce24732dca35c","icon":"..\/GlobalArt\/AppIconDefault_Notes.png","sections":{},"birdseed_version":4,"toc":["not0da5d6ebe","not9474646a9","not95edd2813","not5585d71a8","not85d6f7b58","notc3b2d538b","not18ab658ed","not42389d0fc","not201900c07"],"locale":"nl","version":"10.11","enable_tracking":false,"source_schema":"apd-schema","platform":"mac","build_date":"2015.07.08-10:56:59","landing":"notb058cadd2","product":"notes","urls":{},"copyright":"","topics":{"not0da5d6ebe":{"name":"Overzicht van Notities","href":"not0da5d6ebe.html","unavailable":true},"notb058cadd2":{"icon":"..\/GlobalArt\/AppLanding_Notes.png","categories":["landing"],"name":"Notities Help","href":"notb058cadd2.html"},"not95edd2813":{"name":"Foto's, koppelingen en meer bijvoegen","href":"not95edd2813.html","unavailable":true},"notaf481318b":{"name":"iCloud-notities bijwerken","href":"notaf481318b.html","unavailable":true},"not85d6f7b58":{"name":"Accounts configureren voor het gebruik van Notities","href":"not85d6f7b58.html","unavailable":true},"notc3b2d538b":{"name":"Notities in mappen ordenen","href":"notc3b2d538b.html","unavailable":true},"not18ab658ed":{"name":"Notities zoeken","href":"not18ab658ed.html","unavailable":true},"not42389d0fc":{"name":"Notities op al uw apparaten bekijken","href":"not42389d0fc.html","unavailable":true},"not9474646a9":{"name":"Notities schrijven","href":"not9474646a9.html","unavailable":true},"not201900c07":{"name":"Notities delen of exporteren","href":"not201900c07.html","unavailable":true},"not5585d71a8":{"name":"Een notitie verwijderen","href":"not5585d71a8.html","unavailable":true}},"copyright_text":"© 2015 Apple Inc. Alle rechten voorbehouden.","css":""}