{"framework":"apd-framework-9.0.8","title":"עזרה בנושא ״פתקים״","build_id":"559d5fc1680ce24732dca380","icon":"..\/GlobalArt\/AppIconDefault_Notes.png","sections":{},"birdseed_version":4,"toc":["not0da5d6ebe","not9474646a9","not95edd2813","not5585d71a8","not85d6f7b58","notc3b2d538b","not18ab658ed","not42389d0fc","not201900c07"],"locale":"he","version":"10.11","enable_tracking":false,"source_schema":"apd-schema","platform":"mac","build_date":"2015.07.08-10:56:19","landing":"notb058cadd2","product":"notes","urls":{},"copyright":"","topics":{"not0da5d6ebe":{"name":"סקירת היישום ״פתקים״","href":"not0da5d6ebe.html","unavailable":true},"notb058cadd2":{"icon":"..\/GlobalArt\/AppLanding_Notes.png","categories":["landing"],"name":"עזרה בנושא ״פתקים״","href":"notb058cadd2.html"},"not95edd2813":{"name":"צירוף תמונות, קישורים ועוד","href":"not95edd2813.html","unavailable":true},"notaf481318b":{"name":"שדרוג פתקי iCloud","href":"notaf481318b.html","unavailable":true},"not85d6f7b58":{"name":"הגדרת חשבונות ב״פתקים״","href":"not85d6f7b58.html","unavailable":true},"notc3b2d538b":{"name":"ארגון פתקים לפי תיקיות","href":"notc3b2d538b.html","unavailable":true},"not18ab658ed":{"name":"חיפוש פתקים","href":"not18ab658ed.html","unavailable":true},"not42389d0fc":{"name":"הצגת פתקים בכל המכשירים שברשותך","href":"not42389d0fc.html","unavailable":true},"not9474646a9":{"name":"כתיבת פתקים","href":"not9474646a9.html","unavailable":true},"not201900c07":{"name":"שיתוף או ייצוא של פתקים","href":"not201900c07.html","unavailable":true},"not5585d71a8":{"name":"מחיקת פתק","href":"not5585d71a8.html","unavailable":true}},"copyright_text":"© 2015 Apple בע״מ. כל הזכויות שמורות.","css":""}