{"framework":"apd-framework-9.0.8","title":"Notes Help","build_id":"558b5eaa094622f53f56a1b2","icon":"..\/GlobalArt\/AppIconDefault_Notes.png","sections":{},"birdseed_version":4,"toc":["not0da5d6ebe","not9474646a9","not95edd2813","not5585d71a8","not85d6f7b58","notc3b2d538b","not18ab658ed","not42389d0fc","not201900c07"],"locale":"en","version":"10.11","enable_tracking":false,"source_schema":"apd-schema","collect_feedback":true,"platform":"mac","build_date":"2015.06.24-18:52:49","landing":"notb058cadd2","product":"notes","urls":{},"copyright":"","topics":{"not0da5d6ebe":{"name":"Notes overview","href":"not0da5d6ebe.html","unavailable":true},"notb058cadd2":{"icon":"..\/GlobalArt\/AppLanding_Notes.png","categories":["landing"],"name":"Notes Help","href":"notb058cadd2.html"},"not95edd2813":{"name":"Attach photos, links, and more","href":"not95edd2813.html","unavailable":true},"notaf481318b":{"name":"Upgrade your iCloud notes","href":"notaf481318b.html","unavailable":true},"not85d6f7b58":{"name":"Set up Notes accounts","href":"not85d6f7b58.html","unavailable":true},"notc3b2d538b":{"name":"Organize notes in folders","href":"notc3b2d538b.html","unavailable":true},"not18ab658ed":{"name":"Search for notes","href":"not18ab658ed.html","unavailable":true},"not42389d0fc":{"name":"See notes on all your devices","href":"not42389d0fc.html","unavailable":true},"not9474646a9":{"name":"Write notes","href":"not9474646a9.html","unavailable":true},"not201900c07":{"name":"Share or export notes","href":"not201900c07.html","unavailable":true},"not5585d71a8":{"name":"Delete a note","href":"not5585d71a8.html","unavailable":true}},"copyright_text":"© 2015 Apple Inc. All rights reserved.","css":""}