{"framework":"apd-framework-9.0.8","title":"Ajuda de Notas","build_id":"559d5fc8680ce24732dca3f2","icon":"..\/GlobalArt\/AppIconDefault_Notes.png","sections":{},"birdseed_version":4,"toc":["not0da5d6ebe","not9474646a9","not95edd2813","not5585d71a8","not85d6f7b58","notc3b2d538b","not18ab658ed","not42389d0fc","not201900c07"],"locale":"pt-pt","version":"10.11","enable_tracking":false,"source_schema":"apd-schema","platform":"mac","build_date":"2015.07.08-11:04:17","landing":"notb058cadd2","product":"notes","urls":{},"copyright":"","topics":{"not0da5d6ebe":{"name":"Visão geral de Notas","href":"not0da5d6ebe.html","unavailable":true},"notb058cadd2":{"icon":"..\/GlobalArt\/AppLanding_Notes.png","categories":["landing"],"name":"Ajuda de Notas","href":"notb058cadd2.html"},"not95edd2813":{"name":"Anexar fotografias, ligações, etc.","href":"not95edd2813.html","unavailable":true},"notaf481318b":{"name":"Atualizar as suas notas em iCloud","href":"notaf481318b.html","unavailable":true},"not85d6f7b58":{"name":"Configurar contas de Notas","href":"not85d6f7b58.html","unavailable":true},"notc3b2d538b":{"name":"Organizar as notas em pastas","href":"notc3b2d538b.html","unavailable":true},"not18ab658ed":{"name":"Pesquisar notas","href":"not18ab658ed.html","unavailable":true},"not42389d0fc":{"name":"Ver as notas em todos os dispositivos","href":"not42389d0fc.html","unavailable":true},"not9474646a9":{"name":"Escrever notas","href":"not9474646a9.html","unavailable":true},"not201900c07":{"name":"Partilhar ou exportar notas","href":"not201900c07.html","unavailable":true},"not5585d71a8":{"name":"Apagar uma nota","href":"not5585d71a8.html","unavailable":true}},"copyright_text":"© 2015 Apple Inc. Todos os direitos reservados.","css":""}