{"framework":"apd-framework-9.0.8","title":"Ayuda de Notas","build_id":"559d5fc2680ce24732dca392","icon":"..\/GlobalArt\/AppIconDefault_Notes.png","sections":{},"birdseed_version":4,"toc":["not0da5d6ebe","not9474646a9","not95edd2813","not5585d71a8","not85d6f7b58","notc3b2d538b","not18ab658ed","not42389d0fc","not201900c07"],"locale":"es-mx","version":"10.11","enable_tracking":false,"source_schema":"apd-schema","platform":"mac","build_date":"2015.07.08-09:33:03","landing":"notb058cadd2","product":"notes","urls":{},"copyright":"","topics":{"not0da5d6ebe":{"name":"Visión general de Notas","href":"not0da5d6ebe.html","unavailable":true},"notb058cadd2":{"icon":"..\/GlobalArt\/AppLanding_Notes.png","categories":["landing"],"name":"Ayuda de Notas","href":"notb058cadd2.html"},"not95edd2813":{"name":"Adjuntar fotos, enlaces y más","href":"not95edd2813.html","unavailable":true},"notaf481318b":{"name":"Actualizar las notas de iCloud","href":"notaf481318b.html","unavailable":true},"not85d6f7b58":{"name":"Configurar cuentas de Notas","href":"not85d6f7b58.html","unavailable":true},"notc3b2d538b":{"name":"Organizar notas en carpetas","href":"notc3b2d538b.html","unavailable":true},"not18ab658ed":{"name":"Buscar notas","href":"not18ab658ed.html","unavailable":true},"not42389d0fc":{"name":"Ver notas en todos sus dispositivos","href":"not42389d0fc.html","unavailable":true},"not9474646a9":{"name":"Escribir notas","href":"not9474646a9.html","unavailable":true},"not201900c07":{"name":"Compartir o exportar notas","href":"not201900c07.html","unavailable":true},"not5585d71a8":{"name":"Eliminar una nota","href":"not5585d71a8.html","unavailable":true}},"copyright_text":"© 2015 Apple Inc. Todos los derechos reservados.","css":""}