{"framework":"apd-framework-9.0.8","title":"메모 도움말","build_id":"559d5fc9680ce24732dca410","icon":"..\/GlobalArt\/AppIconDefault_Notes.png","sections":{},"birdseed_version":4,"toc":["not0da5d6ebe","not9474646a9","not95edd2813","not5585d71a8","not85d6f7b58","notc3b2d538b","not18ab658ed","not42389d0fc","not201900c07"],"locale":"ko","version":"10.11","enable_tracking":false,"source_schema":"apd-schema","platform":"mac","build_date":"2015.07.08-11:03:26","landing":"notb058cadd2","product":"notes","urls":{},"copyright":"","topics":{"not0da5d6ebe":{"name":"메모 개요","href":"not0da5d6ebe.html","unavailable":true},"notb058cadd2":{"icon":"..\/GlobalArt\/AppLanding_Notes.png","categories":["landing"],"name":"메모 도움말","href":"notb058cadd2.html"},"not95edd2813":{"name":"사진, 링크 등 첨부하기","href":"not95edd2813.html","unavailable":true},"notaf481318b":{"name":"iCloud 메모 업그레이드하기","href":"notaf481318b.html","unavailable":true},"not85d6f7b58":{"name":"메모 계정 설정하기","href":"not85d6f7b58.html","unavailable":true},"notc3b2d538b":{"name":"메모를 폴더로 구성하기","href":"notc3b2d538b.html","unavailable":true},"not18ab658ed":{"name":"메모 검색하기","href":"not18ab658ed.html","unavailable":true},"not42389d0fc":{"name":"사용자의 모든 기기에 있는 메모 보기","href":"not42389d0fc.html","unavailable":true},"not9474646a9":{"name":"메모 쓰기","href":"not9474646a9.html","unavailable":true},"not201900c07":{"name":"메모 공유 또는 보내기","href":"not201900c07.html","unavailable":true},"not5585d71a8":{"name":"메모 삭제하기","href":"not5585d71a8.html","unavailable":true}},"copyright_text":"© 2015 Apple Inc. 모든 권리 보유.","css":""}