{"framework":"apd-framework-9.0.8","title":"Bantuan Catatan","build_id":"559d5fc1680ce24732dca374","icon":"..\/GlobalArt\/AppIconDefault_Notes.png","sections":{},"birdseed_version":4,"toc":["not0da5d6ebe","not9474646a9","not95edd2813","not5585d71a8","not85d6f7b58","notc3b2d538b","not18ab658ed","not42389d0fc","not201900c07"],"locale":"id","version":"10.11","enable_tracking":false,"source_schema":"apd-schema","platform":"mac","build_date":"2015.07.08-09:31:25","landing":"notb058cadd2","product":"notes","urls":{},"copyright":"","topics":{"not0da5d6ebe":{"name":"Tinjauan Catatan","href":"not0da5d6ebe.html","unavailable":true},"notb058cadd2":{"icon":"..\/GlobalArt\/AppLanding_Notes.png","categories":["landing"],"name":"Bantuan Catatan","href":"notb058cadd2.html"},"not95edd2813":{"name":"Melampirkan foto, tautan dan lainnya","href":"not95edd2813.html","unavailable":true},"notaf481318b":{"name":"Tingkatkan catatan iCloud Anda","href":"notaf481318b.html","unavailable":true},"not85d6f7b58":{"name":"Mengatur akun Catatan","href":"not85d6f7b58.html","unavailable":true},"notc3b2d538b":{"name":"Mengatur catatan di dalam folder","href":"notc3b2d538b.html","unavailable":true},"not18ab658ed":{"name":"Mencari catatan","href":"not18ab658ed.html","unavailable":true},"not42389d0fc":{"name":"Melihat catatan Anda di semua perangkat","href":"not42389d0fc.html","unavailable":true},"not9474646a9":{"name":"Menuliskan catatan","href":"not9474646a9.html","unavailable":true},"not201900c07":{"name":"Berbagi atau mengekspor catatan","href":"not201900c07.html","unavailable":true},"not5585d71a8":{"name":"Menghapus catatan","href":"not5585d71a8.html","unavailable":true}},"copyright_text":"© 2015 Apple Inc. Semua hak cipta dilindungi undang-undang.","css":""}