{"framework":"apd-framework-9.0.8","title":"Bantuan Nota","build_id":"559d5fc9680ce24732dca404","icon":"..\/GlobalArt\/AppIconDefault_Notes.png","sections":{},"birdseed_version":4,"toc":["not0da5d6ebe","not9474646a9","not95edd2813","not5585d71a8","not85d6f7b58","notc3b2d538b","not18ab658ed","not42389d0fc","not201900c07"],"locale":"ms","version":"10.11","enable_tracking":false,"source_schema":"apd-schema","platform":"mac","build_date":"2015.07.08-11:03:33","landing":"notb058cadd2","product":"notes","urls":{},"copyright":"","topics":{"not0da5d6ebe":{"name":"Gambaran keseluruhan Nota","href":"not0da5d6ebe.html","unavailable":true},"notb058cadd2":{"icon":"..\/GlobalArt\/AppLanding_Notes.png","categories":["landing"],"name":"Bantuan Nota","href":"notb058cadd2.html"},"not95edd2813":{"name":"Lampirkan foto, pautan dan selanjutnya","href":"not95edd2813.html","unavailable":true},"notaf481318b":{"name":"Naik taraf nota iCloud anda","href":"notaf481318b.html","unavailable":true},"not85d6f7b58":{"name":"Sediakan akaun Nota","href":"not85d6f7b58.html","unavailable":true},"notc3b2d538b":{"name":"Mengatur nota dalam folder","href":"notc3b2d538b.html","unavailable":true},"not18ab658ed":{"name":"Cari nota","href":"not18ab658ed.html","unavailable":true},"not42389d0fc":{"name":"Lihat nota pada semua peranti anda","href":"not42389d0fc.html","unavailable":true},"not9474646a9":{"name":"Tulis nota","href":"not9474646a9.html","unavailable":true},"not201900c07":{"name":"Kongsi atau eksport nota","href":"not201900c07.html","unavailable":true},"not5585d71a8":{"name":"Padam nota","href":"not5585d71a8.html","unavailable":true}},"copyright_text":"© 2015 Apple Inc. Hak cipta terpelihara.","css":""}