{"framework":"apd-framework-9.0.8","title":"Notater-hjelp","build_id":"559d5fc0680ce24732dca36e","icon":"..\/GlobalArt\/AppIconDefault_Notes.png","sections":{},"birdseed_version":4,"toc":["not0da5d6ebe","not9474646a9","not95edd2813","not5585d71a8","not85d6f7b58","notc3b2d538b","not18ab658ed","not42389d0fc","not201900c07"],"locale":"nb","version":"10.11","enable_tracking":false,"source_schema":"apd-schema","platform":"mac","build_date":"2015.07.08-10:58:37","landing":"notb058cadd2","product":"notes","urls":{},"copyright":"","topics":{"not0da5d6ebe":{"name":"Oversikt over Notater","href":"not0da5d6ebe.html","unavailable":true},"notb058cadd2":{"icon":"..\/GlobalArt\/AppLanding_Notes.png","categories":["landing"],"name":"Notater-hjelp","href":"notb058cadd2.html"},"not95edd2813":{"name":"Legg ved bilder, koblinger og annet","href":"not95edd2813.html","unavailable":true},"notaf481318b":{"name":"Oppgrader iCloud-notatene","href":"notaf481318b.html","unavailable":true},"not85d6f7b58":{"name":"Konfigurer Notater-kontoer","href":"not85d6f7b58.html","unavailable":true},"notc3b2d538b":{"name":"Organiser notater i mapper","href":"notc3b2d538b.html","unavailable":true},"not18ab658ed":{"name":"Søk etter notater","href":"not18ab658ed.html","unavailable":true},"not42389d0fc":{"name":"Se notatene på alle enhetene","href":"not42389d0fc.html","unavailable":true},"not9474646a9":{"name":"Skriv notater","href":"not9474646a9.html","unavailable":true},"not201900c07":{"name":"Del eller eksporter notater","href":"not201900c07.html","unavailable":true},"not5585d71a8":{"name":"Slett et notat","href":"not5585d71a8.html","unavailable":true}},"copyright_text":"© 2015 Apple Inc. Alle rettigheter forbeholdes.","css":""}