{"framework":"apd-framework-9.0.8","title":"备忘录帮助","build_id":"559d5fc3680ce24732dca39e","icon":"..\/GlobalArt\/AppIconDefault_Notes.png","sections":{},"birdseed_version":4,"toc":["not0da5d6ebe","not9474646a9","not95edd2813","not5585d71a8","not85d6f7b58","notc3b2d538b","not18ab658ed","not42389d0fc","not201900c07"],"locale":"zh-cn","version":"10.11","enable_tracking":false,"source_schema":"apd-schema","platform":"mac","build_date":"2015.07.08-11:00:57","landing":"notb058cadd2","product":"notes","urls":{},"copyright":"","topics":{"not0da5d6ebe":{"name":"备忘录概述","href":"not0da5d6ebe.html","unavailable":true},"notb058cadd2":{"icon":"..\/GlobalArt\/AppLanding_Notes.png","categories":["landing"],"name":"备忘录帮助","href":"notb058cadd2.html"},"not95edd2813":{"name":"附加照片、链接等内容","href":"not95edd2813.html","unavailable":true},"notaf481318b":{"name":"升级您的 iCloud 备忘录","href":"notaf481318b.html","unavailable":true},"not85d6f7b58":{"name":"设置“备忘录”帐户","href":"not85d6f7b58.html","unavailable":true},"notc3b2d538b":{"name":"以文件夹形式整理备忘录","href":"notc3b2d538b.html","unavailable":true},"not18ab658ed":{"name":"搜索备忘录","href":"not18ab658ed.html","unavailable":true},"not42389d0fc":{"name":"查看您所有设备上的备忘录","href":"not42389d0fc.html","unavailable":true},"not9474646a9":{"name":"撰写备忘录","href":"not9474646a9.html","unavailable":true},"not201900c07":{"name":"共享或导出备忘录","href":"not201900c07.html","unavailable":true},"not5585d71a8":{"name":"删除备忘录","href":"not5585d71a8.html","unavailable":true}},"copyright_text":"© 2015 Apple Inc.保留一切权利。","css":""}