{"framework":"apd-framework-9.0.12","title":"Notizen-Hilfe","build_id":"55a84946094622a75b306c88","icon":"..\/GlobalArt\/AppIconDefault_Notes.png","sections":{},"birdseed_version":4,"toc":["not0da5d6ebe","not9474646a9","not95edd2813","not5585d71a8","not85d6f7b58","notc3b2d538b","not18ab658ed","not42389d0fc","not201900c07"],"locale":"de","version":"10.11","enable_tracking":false,"source_schema":"apd-schema","platform":"mac","build_date":"2015.07.16-15:46:07","landing":"notb058cadd2","product":"notes","urls":{},"copyright":"","topics":{"not0da5d6ebe":{"name":"Notizen – Übersicht","href":"not0da5d6ebe.html","unavailable":true},"notb058cadd2":{"icon":"..\/GlobalArt\/AppLanding_Notes.png","categories":["landing"],"name":"Notizen-Hilfe","href":"notb058cadd2.html"},"not95edd2813":{"name":"Fotos, Links und mehr anhängen","href":"not95edd2813.html","unavailable":true},"notaf481318b":{"name":"iCloud-Notizen aktualisieren","href":"notaf481318b.html","unavailable":true},"not85d6f7b58":{"name":"Notizen-Accounts konfigurieren","href":"not85d6f7b58.html","unavailable":true},"notc3b2d538b":{"name":"Notizen in Ordnern zusammenfassen","href":"notc3b2d538b.html","unavailable":true},"not18ab658ed":{"name":"Notizen suchen","href":"not18ab658ed.html","unavailable":true},"not42389d0fc":{"name":"Notizen auf all Ihren Geräten anzeigen","href":"not42389d0fc.html","unavailable":true},"not9474646a9":{"name":"Erstellen von Notizen","href":"not9474646a9.html","unavailable":true},"not201900c07":{"name":"Notizen bereitstellen oder exportieren","href":"not201900c07.html","unavailable":true},"not5585d71a8":{"name":"Notiz löschen","href":"not5585d71a8.html","unavailable":true}},"copyright_text":"Copyright © 2015 Apple Inc. Alle Rechte vorbehalten.","css":""}