{"framework":"apd-framework-9.0.8","title":"Pomoć za Bilješke","build_id":"559d5fc8680ce24732dca3fe","icon":"..\/GlobalArt\/AppIconDefault_Notes.png","sections":{},"birdseed_version":4,"toc":["not0da5d6ebe","not9474646a9","not95edd2813","not5585d71a8","not85d6f7b58","notc3b2d538b","not18ab658ed","not42389d0fc","not201900c07"],"locale":"hr","version":"10.11","enable_tracking":false,"source_schema":"apd-schema","platform":"mac","build_date":"2015.07.08-11:04:39","landing":"notb058cadd2","product":"notes","urls":{},"copyright":"","topics":{"not0da5d6ebe":{"name":"Pregled aplikacije Bilješke","href":"not0da5d6ebe.html","unavailable":true},"notb058cadd2":{"icon":"..\/GlobalArt\/AppLanding_Notes.png","categories":["landing"],"name":"Pomoć za Bilješke","href":"notb058cadd2.html"},"not95edd2813":{"name":"Prilaganje fotografija, linkova i ostaloga","href":"not95edd2813.html","unavailable":true},"notaf481318b":{"name":"Nadogradite svoje iCloud bilješke","href":"notaf481318b.html","unavailable":true},"not85d6f7b58":{"name":"Podešavanje računa aplikacije Bilješke","href":"not85d6f7b58.html","unavailable":true},"notc3b2d538b":{"name":"Bilješke organizirajte u mape","href":"notc3b2d538b.html","unavailable":true},"not18ab658ed":{"name":"Traži bilješke","href":"not18ab658ed.html","unavailable":true},"not42389d0fc":{"name":"Pregledavanje bilješki na svim vašim uređajima","href":"not42389d0fc.html","unavailable":true},"not9474646a9":{"name":"Pisanje bilješki","href":"not9474646a9.html","unavailable":true},"not201900c07":{"name":"Dijeljenje ili eksportiranje bilješki","href":"not201900c07.html","unavailable":true},"not5585d71a8":{"name":"Brisanje bilješke","href":"not5585d71a8.html","unavailable":true}},"copyright_text":"© 2015. Apple Inc. Sva prava pridržana.","css":""}