{"framework":"apd-framework-9.0.8","title":"Pomocník pre Poznámky","build_id":"559d5fc5680ce24732dca3c8","icon":"..\/GlobalArt\/AppIconDefault_Notes.png","sections":{},"birdseed_version":4,"toc":["not0da5d6ebe","not9474646a9","not95edd2813","not5585d71a8","not85d6f7b58","notc3b2d538b","not18ab658ed","not42389d0fc","not201900c07"],"locale":"sk","version":"10.11","enable_tracking":false,"source_schema":"apd-schema","platform":"mac","build_date":"2015.07.08-10:57:32","landing":"notb058cadd2","product":"notes","urls":{},"copyright":"","topics":{"not0da5d6ebe":{"name":"Prehľad aplikácie Poznámky","href":"not0da5d6ebe.html","unavailable":true},"notb058cadd2":{"icon":"..\/GlobalArt\/AppLanding_Notes.png","categories":["landing"],"name":"Pomocník pre Poznámky","href":"notb058cadd2.html"},"not95edd2813":{"name":"Priloženie fotiek, odkazov a ďalšieho obsahu","href":"not95edd2813.html","unavailable":true},"notaf481318b":{"name":"Upgradovanie poznámok v iCloude","href":"notaf481318b.html","unavailable":true},"not85d6f7b58":{"name":"Nastavenie účtov aplikácie Poznámky","href":"not85d6f7b58.html","unavailable":true},"notc3b2d538b":{"name":"Usporiadanie poznámok do priečinkov","href":"notc3b2d538b.html","unavailable":true},"not18ab658ed":{"name":"Vyhľadávanie poznámok","href":"not18ab658ed.html","unavailable":true},"not42389d0fc":{"name":"Zobrazenie poznámok na všetkých zariadeniach","href":"not42389d0fc.html","unavailable":true},"not9474646a9":{"name":"Písanie poznámok","href":"not9474646a9.html","unavailable":true},"not201900c07":{"name":"Zdieľanie alebo exportovanie poznámok","href":"not201900c07.html","unavailable":true},"not5585d71a8":{"name":"Vymazanie poznámky","href":"not5585d71a8.html","unavailable":true}},"copyright_text":"© 2015 Apple Inc. Všetky práva vyhradené.","css":""}