{"framework":"apd-framework-9.0.8","title":"Muistiinpanot-ohje","build_id":"559d5fc2680ce24732dca386","icon":"..\/GlobalArt\/AppIconDefault_Notes.png","sections":{},"birdseed_version":4,"toc":["not0da5d6ebe","not9474646a9","not95edd2813","not5585d71a8","not85d6f7b58","notc3b2d538b","not18ab658ed","not42389d0fc","not201900c07"],"locale":"fi","version":"10.11","enable_tracking":false,"source_schema":"apd-schema","platform":"mac","build_date":"2015.07.08-09:29:47","landing":"notb058cadd2","product":"notes","urls":{},"copyright":"","topics":{"not0da5d6ebe":{"name":"Muistiinpanot-ohjelman yleiskatsaus","href":"not0da5d6ebe.html","unavailable":true},"notb058cadd2":{"icon":"..\/GlobalArt\/AppLanding_Notes.png","categories":["landing"],"name":"Muistiinpanot-ohje","href":"notb058cadd2.html"},"not95edd2813":{"name":"Kuvien, linkkien ja muun lisääminen","href":"not95edd2813.html","unavailable":true},"notaf481318b":{"name":"Päivitä iCloud-muistiinpanot","href":"notaf481318b.html","unavailable":true},"not85d6f7b58":{"name":"Muistiinpanot-tilien käyttöönottaminen","href":"not85d6f7b58.html","unavailable":true},"notc3b2d538b":{"name":"Muistiinpanojen järjestäminen kansioihin","href":"notc3b2d538b.html","unavailable":true},"not18ab658ed":{"name":"Muistiinpanojen etsiminen","href":"not18ab658ed.html","unavailable":true},"not42389d0fc":{"name":"Muistiinpanojen näkeminen kaikissa laitteissasi","href":"not42389d0fc.html","unavailable":true},"not9474646a9":{"name":"Muistiinpanojen kirjoittaminen","href":"not9474646a9.html","unavailable":true},"not201900c07":{"name":"Muistiinpanojen jakaminen tai vieminen","href":"not201900c07.html","unavailable":true},"not5585d71a8":{"name":"Muistiinpanon poistaminen","href":"not5585d71a8.html","unavailable":true}},"copyright_text":"© 2015 Apple Inc. Kaikki oikeudet pidätetään.","css":""}